country;variable;age;pop;countryname;shortname;simpledes;technicaldes;shorttype;longtype;shortpop;longpop;shortage;longage;unit;source;method;extrapolation;data_points
QH-MER;agdproi992;992;i;the Caribbean (at market exchange rate);Gross domestic product;Gross domestic product is the total value of goods and services produced by the national economy.The national economy - in the national accounts sense - includes all domestic sectors, i.e. all entities that are resident of a given country (in the sense of their economic activity), whether they belong to the private sector, the corporate sector, the governement sector.;;Average;Average income or wealth between two percentiles. When the associated percentile is of the form 'pX', intermediary average returns the average between percentile pX and the next consecutive percentile. When the associated percentile is of the form 'pXpY', the variable returns the average between percentiles pX and pY.;individuals;The base unit is the individual (rather than the household). This is equivalent to assuming no sharing of resources within couples.;Adults;The population is comprised of individuals over age 20.;EUR;WID.world (see individual countries for more details);WID.world aggregations of individual country data;;
QH-MER;agdproi999;999;i;the Caribbean (at market exchange rate);Gross domestic product;Gross domestic product is the total value of goods and services produced by the national economy.The national economy - in the national accounts sense - includes all domestic sectors, i.e. all entities that are resident of a given country (in the sense of their economic activity), whether they belong to the private sector, the corporate sector, the governement sector.;;Average;Average income or wealth between two percentiles. When the associated percentile is of the form 'pX', intermediary average returns the average between percentile pX and the next consecutive percentile. When the associated percentile is of the form 'pXpY', the variable returns the average between percentiles pX and pY.;individuals;The base unit is the individual (rather than the household). This is equivalent to assuming no sharing of resources within couples.;All Ages;The population is comprised of individuals of all ages.;EUR;WID.world (see individual countries for more details);WID.world aggregations of individual country data;;
QH-MER;agweali992;992;i;the Caribbean (at market exchange rate);Net public wealth;Net public wealth is the total value of assets (cash, housing, bonds, equities, etc.) owned by the general government sector (central government, state government, local government, and social security funds), minus its debts. The government sector - in the national accounts - includes are national, regional local governement, social security administrations, and more generally all entities relying primarily upon public financing (taxes, contributions, and other compulsory payments).;[Net public wealth]=[Government non-financial assets]+[Government financial assets]-[Government debt];Average;Average income or wealth between two percentiles. When the associated percentile is of the form 'pX', intermediary average returns the average between percentile pX and the next consecutive percentile. When the associated percentile is of the form 'pXpY', the variable returns the average between percentiles pX and pY.;individuals;The base unit is the individual (rather than the household). This is equivalent to assuming no sharing of resources within couples.;Adults;The population is comprised of individuals over age 20.;EUR;;;;
QH-MER;agweali999;999;i;the Caribbean (at market exchange rate);Net public wealth;Net public wealth is the total value of assets (cash, housing, bonds, equities, etc.) owned by the general government sector (central government, state government, local government, and social security funds), minus its debts. The government sector - in the national accounts - includes are national, regional local governement, social security administrations, and more generally all entities relying primarily upon public financing (taxes, contributions, and other compulsory payments).;[Net public wealth]=[Government non-financial assets]+[Government financial assets]-[Government debt];Average;Average income or wealth between two percentiles. When the associated percentile is of the form 'pX', intermediary average returns the average between percentile pX and the next consecutive percentile. When the associated percentile is of the form 'pXpY', the variable returns the average between percentiles pX and pY.;individuals;The base unit is the individual (rather than the household). This is equivalent to assuming no sharing of resources within couples.;All Ages;The population is comprised of individuals of all ages.;EUR;;;;
QH-MER;andproi992;992;i;the Caribbean (at market exchange rate);Net domestic product;Net domestic product is the total value of the goods and services produced in a country, minus the value of the fixed capital used up in production (e.g. replacement of obsolete machines or maintenance of roads).The national economy - in the national accounts sense - includes all domestic sectors, i.e. all entities that are resident of a given country (in the sense of their economic activity), whether they belong to the private sector, the corporate sector, the governement sector.;[Net domestic product]=[Gross domestic product]-[Consumption of fixed capital];Average;Average income or wealth between two percentiles. When the associated percentile is of the form 'pX', intermediary average returns the average between percentile pX and the next consecutive percentile. When the associated percentile is of the form 'pXpY', the variable returns the average between percentiles pX and pY.;individuals;The base unit is the individual (rather than the household). This is equivalent to assuming no sharing of resources within couples.;Adults;The population is comprised of individuals over age 20.;EUR;WID.world (see individual countries for more details);WID.world aggregations of individual country data;;
QH-MER;andproi999;999;i;the Caribbean (at market exchange rate);Net domestic product;Net domestic product is the total value of the goods and services produced in a country, minus the value of the fixed capital used up in production (e.g. replacement of obsolete machines or maintenance of roads).The national economy - in the national accounts sense - includes all domestic sectors, i.e. all entities that are resident of a given country (in the sense of their economic activity), whether they belong to the private sector, the corporate sector, the governement sector.;[Net domestic product]=[Gross domestic product]-[Consumption of fixed capital];Average;Average income or wealth between two percentiles. When the associated percentile is of the form 'pX', intermediary average returns the average between percentile pX and the next consecutive percentile. When the associated percentile is of the form 'pXpY', the variable returns the average between percentiles pX and pY.;individuals;The base unit is the individual (rather than the household). This is equivalent to assuming no sharing of resources within couples.;All Ages;The population is comprised of individuals of all ages.;EUR;WID.world (see individual countries for more details);WID.world aggregations of individual country data;;
QH-MER;anninci992;992;i;the Caribbean (at market exchange rate);National income;National income aims to measure the total income available to the residents of a given country. It is equal to the gross domestic product (the total value of goods and services produced on the territory of a given country during a given year), minus fixed capital used in production processes (e.g. replacement of obsolete machines or maintenance of roads) plus the net foreign income earned by residents in the rest of the world.// National income has many limitations. However it is the only income concept that has an internationally agreed definition (established by the United Nations System of National Accounts, see SNA 2008). So we use it as our reference concept (with tax havens correction). To be improved.The national economy - in the national accounts sense - includes all domestic sectors, i.e. all entities that are resident of a given country (in the sense of their economic activity), whether they belong to the private sector, the corporate sector, the governement sector.;[National income]=[Net domestic product]+[Net foreign income];Average;Average income or wealth between two percentiles. When the associated percentile is of the form 'pX', intermediary average returns the average between percentile pX and the next consecutive percentile. When the associated percentile is of the form 'pXpY', the variable returns the average between percentiles pX and pY.;individuals;The base unit is the individual (rather than the household). This is equivalent to assuming no sharing of resources within couples.;Adults;The population is comprised of individuals over age 20.;EUR;WID.world (see individual countries for more details);WID.world aggregations of individual country data;;
QH-MER;anninci999;999;i;the Caribbean (at market exchange rate);National income;National income aims to measure the total income available to the residents of a given country. It is equal to the gross domestic product (the total value of goods and services produced on the territory of a given country during a given year), minus fixed capital used in production processes (e.g. replacement of obsolete machines or maintenance of roads) plus the net foreign income earned by residents in the rest of the world.// National income has many limitations. However it is the only income concept that has an internationally agreed definition (established by the United Nations System of National Accounts, see SNA 2008). So we use it as our reference concept (with tax havens correction). To be improved.The national economy - in the national accounts sense - includes all domestic sectors, i.e. all entities that are resident of a given country (in the sense of their economic activity), whether they belong to the private sector, the corporate sector, the governement sector.;[National income]=[Net domestic product]+[Net foreign income];Average;Average income or wealth between two percentiles. When the associated percentile is of the form 'pX', intermediary average returns the average between percentile pX and the next consecutive percentile. When the associated percentile is of the form 'pXpY', the variable returns the average between percentiles pX and pY.;individuals;The base unit is the individual (rather than the household). This is equivalent to assuming no sharing of resources within couples.;All Ages;The population is comprised of individuals of all ages.;EUR;WID.world (see individual countries for more details);WID.world aggregations of individual country data;;
QH-MER;anweali992;992;i;the Caribbean (at market exchange rate);Market-value national wealth ;Net national wealth is the total value of assets (cash, housing, bonds, equities, etc.) owned by the national economy, minus its debts. The national economy - in the national accounts sense - includes all domestic sectors, i.e. all entities that are resident of a given country (in the sense of their economic activity), whether they belong to the private sector, the corporate sector, the governement sector.;[Market-value national wealth ]=[National non-financial assets]+[Net foreign assets];Average;Average income or wealth between two percentiles. When the associated percentile is of the form 'pX', intermediary average returns the average between percentile pX and the next consecutive percentile. When the associated percentile is of the form 'pXpY', the variable returns the average between percentiles pX and pY.;individuals;The base unit is the individual (rather than the household). This is equivalent to assuming no sharing of resources within couples.;Adults;The population is comprised of individuals over age 20.;EUR;;;;
QH-MER;anweali999;999;i;the Caribbean (at market exchange rate);Market-value national wealth ;Net national wealth is the total value of assets (cash, housing, bonds, equities, etc.) owned by the national economy, minus its debts. The national economy - in the national accounts sense - includes all domestic sectors, i.e. all entities that are resident of a given country (in the sense of their economic activity), whether they belong to the private sector, the corporate sector, the governement sector.;[Market-value national wealth ]=[National non-financial assets]+[Net foreign assets];Average;Average income or wealth between two percentiles. When the associated percentile is of the form 'pX', intermediary average returns the average between percentile pX and the next consecutive percentile. When the associated percentile is of the form 'pXpY', the variable returns the average between percentiles pX and pY.;individuals;The base unit is the individual (rather than the household). This is equivalent to assuming no sharing of resources within couples.;All Ages;The population is comprised of individuals of all ages.;EUR;;;;
QH-MER;apweali992;992;i;the Caribbean (at market exchange rate);Net private wealth;Net private wealth is  the total value of non-financial and financial assets (housing, land, deposits, bonds, equities of corporations, etc.) held by private owners (households and foundations), minus their debts.  The private sector - in the national accounts sense - includes the personal sector (households) and the non-profit sector (foundations, religious organizations, etc.). In certain countries, availables sources do not allow to decompose the wealth owned by each of these two sub-sectors, and we only provide total net private wealth.;[Net private wealth]=[Private non-financial assets]+[Private financial assets]-[Private debt];Average;Average income or wealth between two percentiles. When the associated percentile is of the form 'pX', intermediary average returns the average between percentile pX and the next consecutive percentile. When the associated percentile is of the form 'pXpY', the variable returns the average between percentiles pX and pY.;individuals;The base unit is the individual (rather than the household). This is equivalent to assuming no sharing of resources within couples.;Adults;The population is comprised of individuals over age 20.;EUR;;;;
QH-MER;apweali999;999;i;the Caribbean (at market exchange rate);Net private wealth;Net private wealth is  the total value of non-financial and financial assets (housing, land, deposits, bonds, equities of corporations, etc.) held by private owners (households and foundations), minus their debts.  The private sector - in the national accounts sense - includes the personal sector (households) and the non-profit sector (foundations, religious organizations, etc.). In certain countries, availables sources do not allow to decompose the wealth owned by each of these two sub-sectors, and we only provide total net private wealth.;[Net private wealth]=[Private non-financial assets]+[Private financial assets]-[Private debt];Average;Average income or wealth between two percentiles. When the associated percentile is of the form 'pX', intermediary average returns the average between percentile pX and the next consecutive percentile. When the associated percentile is of the form 'pXpY', the variable returns the average between percentiles pX and pY.;individuals;The base unit is the individual (rather than the household). This is equivalent to assuming no sharing of resources within couples.;All Ages;The population is comprised of individuals of all ages.;EUR;;;;
QH-MER;mgdproi999;999;i;the Caribbean (at market exchange rate);Gross domestic product;Gross domestic product is the total value of goods and services produced by the national economy.The national economy - in the national accounts sense - includes all domestic sectors, i.e. all entities that are resident of a given country (in the sense of their economic activity), whether they belong to the private sector, the corporate sector, the governement sector.;;Total;Macroeconomic variable (i.e. corresponding to national economy rather than to a given group of individuals). The associated percentile is of the form 'pall'.;individuals;The base unit is the individual (rather than the household). This is equivalent to assuming no sharing of resources within couples.;All Ages;The population is comprised of individuals of all ages.;EUR;WID.world (see individual countries for more details);WID.world aggregations of individual country data;;
QH-MER;mgweali999;999;i;the Caribbean (at market exchange rate);Net public wealth;Net public wealth is the total value of assets (cash, housing, bonds, equities, etc.) owned by the general government sector (central government, state government, local government, and social security funds), minus its debts. The government sector - in the national accounts - includes are national, regional local governement, social security administrations, and more generally all entities relying primarily upon public financing (taxes, contributions, and other compulsory payments).;[Net public wealth]=[Government non-financial assets]+[Government financial assets]-[Government debt];Total;Macroeconomic variable (i.e. corresponding to national economy rather than to a given group of individuals). The associated percentile is of the form 'pall'.;individuals;The base unit is the individual (rather than the household). This is equivalent to assuming no sharing of resources within couples.;All Ages;The population is comprised of individuals of all ages.;EUR;;;;
QH-MER;mndproi999;999;i;the Caribbean (at market exchange rate);Net domestic product;Net domestic product is the total value of the goods and services produced in a country, minus the value of the fixed capital used up in production (e.g. replacement of obsolete machines or maintenance of roads).The national economy - in the national accounts sense - includes all domestic sectors, i.e. all entities that are resident of a given country (in the sense of their economic activity), whether they belong to the private sector, the corporate sector, the governement sector.;[Net domestic product]=[Gross domestic product]-[Consumption of fixed capital];Total;Macroeconomic variable (i.e. corresponding to national economy rather than to a given group of individuals). The associated percentile is of the form 'pall'.;individuals;The base unit is the individual (rather than the household). This is equivalent to assuming no sharing of resources within couples.;All Ages;The population is comprised of individuals of all ages.;EUR;WID.world (see individual countries for more details);WID.world aggregations of individual country data;;
QH-MER;mnninci999;999;i;the Caribbean (at market exchange rate);National income;National income aims to measure the total income available to the residents of a given country. It is equal to the gross domestic product (the total value of goods and services produced on the territory of a given country during a given year), minus fixed capital used in production processes (e.g. replacement of obsolete machines or maintenance of roads) plus the net foreign income earned by residents in the rest of the world.// National income has many limitations. However it is the only income concept that has an internationally agreed definition (established by the United Nations System of National Accounts, see SNA 2008). So we use it as our reference concept (with tax havens correction). To be improved.The national economy - in the national accounts sense - includes all domestic sectors, i.e. all entities that are resident of a given country (in the sense of their economic activity), whether they belong to the private sector, the corporate sector, the governement sector.;[National income]=[Net domestic product]+[Net foreign income];Total;Macroeconomic variable (i.e. corresponding to national economy rather than to a given group of individuals). The associated percentile is of the form 'pall'.;individuals;The base unit is the individual (rather than the household). This is equivalent to assuming no sharing of resources within couples.;All Ages;The population is comprised of individuals of all ages.;EUR;WID.world (see individual countries for more details);WID.world aggregations of individual country data;;
QH-MER;mnweali999;999;i;the Caribbean (at market exchange rate);Market-value national wealth ;Net national wealth is the total value of assets (cash, housing, bonds, equities, etc.) owned by the national economy, minus its debts. The national economy - in the national accounts sense - includes all domestic sectors, i.e. all entities that are resident of a given country (in the sense of their economic activity), whether they belong to the private sector, the corporate sector, the governement sector.;[Market-value national wealth ]=[National non-financial assets]+[Net foreign assets];Total;Macroeconomic variable (i.e. corresponding to national economy rather than to a given group of individuals). The associated percentile is of the form 'pall'.;individuals;The base unit is the individual (rather than the household). This is equivalent to assuming no sharing of resources within couples.;All Ages;The population is comprised of individuals of all ages.;EUR;;;;
QH-MER;mpweali999;999;i;the Caribbean (at market exchange rate);Net private wealth;Net private wealth is  the total value of non-financial and financial assets (housing, land, deposits, bonds, equities of corporations, etc.) held by private owners (households and foundations), minus their debts.  The private sector - in the national accounts sense - includes the personal sector (households) and the non-profit sector (foundations, religious organizations, etc.). In certain countries, availables sources do not allow to decompose the wealth owned by each of these two sub-sectors, and we only provide total net private wealth.;[Net private wealth]=[Private non-financial assets]+[Private financial assets]-[Private debt];Total;Macroeconomic variable (i.e. corresponding to national economy rather than to a given group of individuals). The associated percentile is of the form 'pall'.;individuals;The base unit is the individual (rather than the household). This is equivalent to assuming no sharing of resources within couples.;All Ages;The population is comprised of individuals of all ages.;EUR;;;;
QH-MER;npopulf001;001;f;the Caribbean (at market exchange rate);Population;Number of individuals in a group.;;Population;Number of units in a given group;female;The population looked at is comprised of female individuals only.;0 to 4;The population is comprised of individuals of in the 0 to 4 age group.;population;"WID.world (see individual countries for more details)[URL][URL_LINK]https://esa.un.org/unpd/wpp/[/URL_LINK][URL_TEXT]UN World Population Prospects (2015).[/URL_TEXT][/URL];";WID.world aggregations of individual country data;;
QH-MER;npopulf051;051;f;the Caribbean (at market exchange rate);Population;Number of individuals in a group.;;Population;Number of units in a given group;female;The population looked at is comprised of female individuals only.;5 to 9;The population is comprised of individuals of in the 5 to 9 age group.;population;"WID.world (see individual countries for more details)[URL][URL_LINK]https://esa.un.org/unpd/wpp/[/URL_LINK][URL_TEXT]UN World Population Prospects (2015).[/URL_TEXT][/URL];";WID.world aggregations of individual country data;;
QH-MER;npopulf101;101;f;the Caribbean (at market exchange rate);Population;Number of individuals in a group.;;Population;Number of units in a given group;female;The population looked at is comprised of female individuals only.;10 to 14;The population is comprised of individuals of in the 10 to 14 age group.;population;"WID.world (see individual countries for more details)[URL][URL_LINK]https://esa.un.org/unpd/wpp/[/URL_LINK][URL_TEXT]UN World Population Prospects (2015).[/URL_TEXT][/URL];";WID.world aggregations of individual country data;;
QH-MER;npopulf111;111;f;the Caribbean (at market exchange rate);Population;Number of individuals in a group.;;Population;Number of units in a given group;female;The population looked at is comprised of female individuals only.;100+;The population is comprised of individuals over age 99.;population;"WID.world (see individual countries for more details)[URL][URL_LINK]https://esa.un.org/unpd/wpp/[/URL_LINK][URL_TEXT]UN World Population Prospects (2015).[/URL_TEXT][/URL];";WID.world aggregations of individual country data;;
QH-MER;npopulf151;151;f;the Caribbean (at market exchange rate);Population;Number of individuals in a group.;;Population;Number of units in a given group;female;The population looked at is comprised of female individuals only.;15 to 19;The population is comprised of individuals of in the 15 to 19 age group.;population;"WID.world (see individual countries for more details)[URL][URL_LINK]https://esa.un.org/unpd/wpp/[/URL_LINK][URL_TEXT]UN World Population Prospects (2015).[/URL_TEXT][/URL];";WID.world aggregations of individual country data;;
QH-MER;npopulf201;201;f;the Caribbean (at market exchange rate);Population;Number of individuals in a group.;;Population;Number of units in a given group;female;The population looked at is comprised of female individuals only.;20 to 24;The population is comprised of individuals of in the 20 to 24 age group.;population;"WID.world (see individual countries for more details)[URL][URL_LINK]https://esa.un.org/unpd/wpp/[/URL_LINK][URL_TEXT]UN World Population Prospects (2015).[/URL_TEXT][/URL];";WID.world aggregations of individual country data;;
QH-MER;npopulf202;202;f;the Caribbean (at market exchange rate);Population;Number of individuals in a group.;;Population;Number of units in a given group;female;The population looked at is comprised of female individuals only.;20 to 29;The population is comprised of individuals of in the 20 to 29 age group.;population;"WID.world (see individual countries for more details)[URL][URL_LINK]https://esa.un.org/unpd/wpp/[/URL_LINK][URL_TEXT]UN World Population Prospects (2015).[/URL_TEXT][/URL];";WID.world aggregations of individual country data;;
QH-MER;npopulf251;251;f;the Caribbean (at market exchange rate);Population;Number of individuals in a group.;;Population;Number of units in a given group;female;The population looked at is comprised of female individuals only.;25 to 29;The population is comprised of individuals of in the 25 to 29 age group.;population;"WID.world (see individual countries for more details)[URL][URL_LINK]https://esa.un.org/unpd/wpp/[/URL_LINK][URL_TEXT]UN World Population Prospects (2015).[/URL_TEXT][/URL];";WID.world aggregations of individual country data;;
QH-MER;npopulf301;301;f;the Caribbean (at market exchange rate);Population;Number of individuals in a group.;;Population;Number of units in a given group;female;The population looked at is comprised of female individuals only.;30 to 34;The population is comprised of individuals of in the 30 to 34 age group.;population;"WID.world (see individual countries for more details)[URL][URL_LINK]https://esa.un.org/unpd/wpp/[/URL_LINK][URL_TEXT]UN World Population Prospects (2015).[/URL_TEXT][/URL];";WID.world aggregations of individual country data;;
QH-MER;npopulf302;302;f;the Caribbean (at market exchange rate);Population;Number of individuals in a group.;;Population;Number of units in a given group;female;The population looked at is comprised of female individuals only.;30 to 39;The population is comprised of individuals of in the 30 to 39 age group.;population;"WID.world (see individual countries for more details)[URL][URL_LINK]https://esa.un.org/unpd/wpp/[/URL_LINK][URL_TEXT]UN World Population Prospects (2015).[/URL_TEXT][/URL];";WID.world aggregations of individual country data;;
QH-MER;npopulf351;351;f;the Caribbean (at market exchange rate);Population;Number of individuals in a group.;;Population;Number of units in a given group;female;The population looked at is comprised of female individuals only.;35 to 39;The population is comprised of individuals of in the 35 to 39 age group.;population;"WID.world (see individual countries for more details)[URL][URL_LINK]https://esa.un.org/unpd/wpp/[/URL_LINK][URL_TEXT]UN World Population Prospects (2015).[/URL_TEXT][/URL];";WID.world aggregations of individual country data;;
QH-MER;npopulf401;401;f;the Caribbean (at market exchange rate);Population;Number of individuals in a group.;;Population;Number of units in a given group;female;The population looked at is comprised of female individuals only.;40 to 44;The population is comprised of individuals of in the 40 to 44 age group.;population;"WID.world (see individual countries for more details)[URL][URL_LINK]https://esa.un.org/unpd/wpp/[/URL_LINK][URL_TEXT]UN World Population Prospects (2015).[/URL_TEXT][/URL];";WID.world aggregations of individual country data;;
QH-MER;npopulf402;402;f;the Caribbean (at market exchange rate);Population;Number of individuals in a group.;;Population;Number of units in a given group;female;The population looked at is comprised of female individuals only.;40 to 49 ;The population is comprised of individuals of in the 40 to 49  age group.;population;"WID.world (see individual countries for more details)[URL][URL_LINK]https://esa.un.org/unpd/wpp/[/URL_LINK][URL_TEXT]UN World Population Prospects (2015).[/URL_TEXT][/URL];";WID.world aggregations of individual country data;;
QH-MER;npopulf451;451;f;the Caribbean (at market exchange rate);Population;Number of individuals in a group.;;Population;Number of units in a given group;female;The population looked at is comprised of female individuals only.;45 to 49;The population is comprised of individuals of in the 45 to 49 age group.;population;"WID.world (see individual countries for more details)[URL][URL_LINK]https://esa.un.org/unpd/wpp/[/URL_LINK][URL_TEXT]UN World Population Prospects (2015).[/URL_TEXT][/URL];";WID.world aggregations of individual country data;;
QH-MER;npopulf501;501;f;the Caribbean (at market exchange rate);Population;Number of individuals in a group.;;Population;Number of units in a given group;female;The population looked at is comprised of female individuals only.;50 to 54;The population is comprised of individuals of in the 50 to 54 age group.;population;"WID.world (see individual countries for more details)[URL][URL_LINK]https://esa.un.org/unpd/wpp/[/URL_LINK][URL_TEXT]UN World Population Prospects (2015).[/URL_TEXT][/URL];";WID.world aggregations of individual country data;;
QH-MER;npopulf502;502;f;the Caribbean (at market exchange rate);Population;Number of individuals in a group.;;Population;Number of units in a given group;female;The population looked at is comprised of female individuals only.;50 to 59;The population is comprised of individuals of in the 50 to 59 age group.;population;"WID.world (see individual countries for more details)[URL][URL_LINK]https://esa.un.org/unpd/wpp/[/URL_LINK][URL_TEXT]UN World Population Prospects (2015).[/URL_TEXT][/URL];";WID.world aggregations of individual country data;;
QH-MER;npopulf551;551;f;the Caribbean (at market exchange rate);Population;Number of individuals in a group.;;Population;Number of units in a given group;female;The population looked at is comprised of female individuals only.;55 to 59;The population is comprised of individuals of in the 55 to 59 age group.;population;"WID.world (see individual countries for more details)[URL][URL_LINK]https://esa.un.org/unpd/wpp/[/URL_LINK][URL_TEXT]UN World Population Prospects (2015).[/URL_TEXT][/URL];";WID.world aggregations of individual country data;;
QH-MER;npopulf601;601;f;the Caribbean (at market exchange rate);Population;Number of individuals in a group.;;Population;Number of units in a given group;female;The population looked at is comprised of female individuals only.;60 to 64;The population is comprised of individuals of in the 60 to 64 age group.;population;"WID.world (see individual countries for more details)[URL][URL_LINK]https://esa.un.org/unpd/wpp/[/URL_LINK][URL_TEXT]UN World Population Prospects (2015).[/URL_TEXT][/URL];";WID.world aggregations of individual country data;;
QH-MER;npopulf602;602;f;the Caribbean (at market exchange rate);Population;Number of individuals in a group.;;Population;Number of units in a given group;female;The population looked at is comprised of female individuals only.;60 to 69;The population is comprised of individuals of in the 60 to 69 age group.;population;"WID.world (see individual countries for more details)[URL][URL_LINK]https://esa.un.org/unpd/wpp/[/URL_LINK][URL_TEXT]UN World Population Prospects (2015).[/URL_TEXT][/URL];";WID.world aggregations of individual country data;;
QH-MER;npopulf651;651;f;the Caribbean (at market exchange rate);Population;Number of individuals in a group.;;Population;Number of units in a given group;female;The population looked at is comprised of female individuals only.;65 to 69;The population is comprised of individuals of in the 65 to 69 age group.;population;"WID.world (see individual countries for more details)[URL][URL_LINK]https://esa.un.org/unpd/wpp/[/URL_LINK][URL_TEXT]UN World Population Prospects (2015).[/URL_TEXT][/URL];";WID.world aggregations of individual country data;;
QH-MER;npopulf701;701;f;the Caribbean (at market exchange rate);Population;Number of individuals in a group.;;Population;Number of units in a given group;female;The population looked at is comprised of female individuals only.;70 to 74;The population is comprised of individuals of in the 70 to 74 age group.;population;"WID.world (see individual countries for more details)[URL][URL_LINK]https://esa.un.org/unpd/wpp/[/URL_LINK][URL_TEXT]UN World Population Prospects (2015).[/URL_TEXT][/URL];";WID.world aggregations of individual country data;;
QH-MER;npopulf702;702;f;the Caribbean (at market exchange rate);Population;Number of individuals in a group.;;Population;Number of units in a given group;female;The population looked at is comprised of female individuals only.;70 to 79;The population is comprised of individuals of in the 70 to 79 age group.;population;"WID.world (see individual countries for more details)[URL][URL_LINK]https://esa.un.org/unpd/wpp/[/URL_LINK][URL_TEXT]UN World Population Prospects (2015).[/URL_TEXT][/URL];";WID.world aggregations of individual country data;;
QH-MER;npopulf751;751;f;the Caribbean (at market exchange rate);Population;Number of individuals in a group.;;Population;Number of units in a given group;female;The population looked at is comprised of female individuals only.;75 to 79;The population is comprised of individuals of in the 75 to 79 age group.;population;"WID.world (see individual countries for more details)[URL][URL_LINK]https://esa.un.org/unpd/wpp/[/URL_LINK][URL_TEXT]UN World Population Prospects (2015).[/URL_TEXT][/URL];";WID.world aggregations of individual country data;;
QH-MER;npopulf801;801;f;the Caribbean (at market exchange rate);Population;Number of individuals in a group.;;Population;Number of units in a given group;female;The population looked at is comprised of female individuals only.;80 to 84;The population is comprised of individuals of in the 80 to 84 age group.;population;"WID.world (see individual countries for more details)[URL][URL_LINK]https://esa.un.org/unpd/wpp/[/URL_LINK][URL_TEXT]UN World Population Prospects (2015).[/URL_TEXT][/URL];";WID.world aggregations of individual country data;;
QH-MER;npopulf802;802;f;the Caribbean (at market exchange rate);Population;Number of individuals in a group.;;Population;Number of units in a given group;female;The population looked at is comprised of female individuals only.;80 to 89;The population is comprised of individuals of in the 80 to 89 age group.;population;"WID.world (see individual countries for more details)[URL][URL_LINK]https://esa.un.org/unpd/wpp/[/URL_LINK][URL_TEXT]UN World Population Prospects (2015).[/URL_TEXT][/URL];";WID.world aggregations of individual country data;;
QH-MER;npopulf851;851;f;the Caribbean (at market exchange rate);Population;Number of individuals in a group.;;Population;Number of units in a given group;female;The population looked at is comprised of female individuals only.;85 to 89;The population is comprised of individuals of in the 85 to 89 age group.;population;"WID.world (see individual countries for more details)[URL][URL_LINK]https://esa.un.org/unpd/wpp/[/URL_LINK][URL_TEXT]UN World Population Prospects (2015).[/URL_TEXT][/URL];";WID.world aggregations of individual country data;;
QH-MER;npopulf901;901;f;the Caribbean (at market exchange rate);Population;Number of individuals in a group.;;Population;Number of units in a given group;female;The population looked at is comprised of female individuals only.;90 to 94;The population is comprised of individuals of in the 90 to 94 age group.;population;"WID.world (see individual countries for more details)[URL][URL_LINK]https://esa.un.org/unpd/wpp/[/URL_LINK][URL_TEXT]UN World Population Prospects (2015).[/URL_TEXT][/URL];";WID.world aggregations of individual country data;;
QH-MER;npopulf902;902;f;the Caribbean (at market exchange rate);Population;Number of individuals in a group.;;Population;Number of units in a given group;female;The population looked at is comprised of female individuals only.;90 to 99;The population is comprised of individuals of in the 90 to 99 age group.;population;"WID.world (see individual countries for more details)[URL][URL_LINK]https://esa.un.org/unpd/wpp/[/URL_LINK][URL_TEXT]UN World Population Prospects (2015).[/URL_TEXT][/URL];";WID.world aggregations of individual country data;;
QH-MER;npopulf951;951;f;the Caribbean (at market exchange rate);Population;Number of individuals in a group.;;Population;Number of units in a given group;female;The population looked at is comprised of female individuals only.;95 to 99;The population is comprised of individuals of in the 95 to 99 age group.;population;"WID.world (see individual countries for more details)[URL][URL_LINK]https://esa.un.org/unpd/wpp/[/URL_LINK][URL_TEXT]UN World Population Prospects (2015).[/URL_TEXT][/URL];";WID.world aggregations of individual country data;;
QH-MER;npopulf991;991;f;the Caribbean (at market exchange rate);Population;Number of individuals in a group.;;Population;Number of units in a given group;female;The population looked at is comprised of female individuals only.;Children;The population is comprised of individuals below age 20.;population;"WID.world (see individual countries for more details)[URL][URL_LINK]https://esa.un.org/unpd/wpp/[/URL_LINK][URL_TEXT]UN World Population Prospects (2015).[/URL_TEXT][/URL];";WID.world aggregations of individual country data;;
QH-MER;npopulf992;992;f;the Caribbean (at market exchange rate);Population;Number of individuals in a group.;;Population;Number of units in a given group;female;The population looked at is comprised of female individuals only.;Adults;The population is comprised of individuals over age 20.;population;"WID.world (see individual countries for more details)[URL][URL_LINK]https://esa.un.org/unpd/wpp/[/URL_LINK][URL_TEXT]UN World Population Prospects (2015).[/URL_TEXT][/URL];";WID.world aggregations of individual country data;;
QH-MER;npopulf993;993;f;the Caribbean (at market exchange rate);Population;Number of individuals in a group.;;Population;Number of units in a given group;female;The population looked at is comprised of female individuals only.;20 to 39;The population is comprised of individuals between ages 20 and 39.;population;"WID.world (see individual countries for more details)[URL][URL_LINK]https://esa.un.org/unpd/wpp/[/URL_LINK][URL_TEXT]UN World Population Prospects (2015).[/URL_TEXT][/URL];";WID.world aggregations of individual country data;;
QH-MER;npopulf994;994;f;the Caribbean (at market exchange rate);Population;Number of individuals in a group.;;Population;Number of units in a given group;female;The population looked at is comprised of female individuals only.;40 to 59;The population is comprised of individuals between ages 40 and 59.;population;"WID.world (see individual countries for more details)[URL][URL_LINK]https://esa.un.org/unpd/wpp/[/URL_LINK][URL_TEXT]UN World Population Prospects (2015).[/URL_TEXT][/URL];";WID.world aggregations of individual country data;;
QH-MER;npopulf995;995;f;the Caribbean (at market exchange rate);Population;Number of individuals in a group.;;Population;Number of units in a given group;female;The population looked at is comprised of female individuals only.;Over 60;The population is comprised of individuals over age 60.;population;"WID.world (see individual countries for more details)[URL][URL_LINK]https://esa.un.org/unpd/wpp/[/URL_LINK][URL_TEXT]UN World Population Prospects (2015).[/URL_TEXT][/URL];";WID.world aggregations of individual country data;;
QH-MER;npopulf996;996;f;the Caribbean (at market exchange rate);Population;Number of individuals in a group.;;Population;Number of units in a given group;female;The population looked at is comprised of female individuals only.;20 to 64;The population is comprised of individuals between ages 20 and 64.;population;"WID.world (see individual countries for more details)[URL][URL_LINK]https://esa.un.org/unpd/wpp/[/URL_LINK][URL_TEXT]UN World Population Prospects (2015).[/URL_TEXT][/URL];";WID.world aggregations of individual country data;;
QH-MER;npopulf997;997;f;the Caribbean (at market exchange rate);Population;Number of individuals in a group.;;Population;Number of units in a given group;female;The population looked at is comprised of female individuals only.;Over 65;The population is comprised of individuals over age 65.;population;"WID.world (see individual countries for more details)[URL][URL_LINK]https://esa.un.org/unpd/wpp/[/URL_LINK][URL_TEXT]UN World Population Prospects (2015).[/URL_TEXT][/URL];";WID.world aggregations of individual country data;;
QH-MER;npopulf998;998;f;the Caribbean (at market exchange rate);Population;Number of individuals in a group.;;Population;Number of units in a given group;female;The population looked at is comprised of female individuals only.;Over 80;The population is comprised of individuals over age 80.;population;"WID.world (see individual countries for more details)[URL][URL_LINK]https://esa.un.org/unpd/wpp/[/URL_LINK][URL_TEXT]UN World Population Prospects (2015).[/URL_TEXT][/URL];";WID.world aggregations of individual country data;;
QH-MER;npopulf999;999;f;the Caribbean (at market exchange rate);Population;Number of individuals in a group.;;Population;Number of units in a given group;female;The population looked at is comprised of female individuals only.;All Ages;The population is comprised of individuals of all ages.;population;"WID.world (see individual countries for more details)[URL][URL_LINK]https://esa.un.org/unpd/wpp/[/URL_LINK][URL_TEXT]UN World Population Prospects (2015).[/URL_TEXT][/URL];";WID.world aggregations of individual country data;;
QH-MER;npopuli001;001;i;the Caribbean (at market exchange rate);Population;Number of individuals in a group.;;Population;Number of units in a given group;individuals;The base unit is the individual (rather than the household). This is equivalent to assuming no sharing of resources within couples.;0 to 4;The population is comprised of individuals of in the 0 to 4 age group.;population;"WID.world (see individual countries for more details)[URL][URL_LINK]https://esa.un.org/unpd/wpp/[/URL_LINK][URL_TEXT]UN World Population Prospects (2015).[/URL_TEXT][/URL];";WID.world aggregations of individual country data;;
QH-MER;npopuli051;051;i;the Caribbean (at market exchange rate);Population;Number of individuals in a group.;;Population;Number of units in a given group;individuals;The base unit is the individual (rather than the household). This is equivalent to assuming no sharing of resources within couples.;5 to 9;The population is comprised of individuals of in the 5 to 9 age group.;population;"WID.world (see individual countries for more details)[URL][URL_LINK]https://esa.un.org/unpd/wpp/[/URL_LINK][URL_TEXT]UN World Population Prospects (2015).[/URL_TEXT][/URL];";WID.world aggregations of individual country data;;
QH-MER;npopuli101;101;i;the Caribbean (at market exchange rate);Population;Number of individuals in a group.;;Population;Number of units in a given group;individuals;The base unit is the individual (rather than the household). This is equivalent to assuming no sharing of resources within couples.;10 to 14;The population is comprised of individuals of in the 10 to 14 age group.;population;"WID.world (see individual countries for more details)[URL][URL_LINK]https://esa.un.org/unpd/wpp/[/URL_LINK][URL_TEXT]UN World Population Prospects (2015).[/URL_TEXT][/URL];";WID.world aggregations of individual country data;;
QH-MER;npopuli111;111;i;the Caribbean (at market exchange rate);Population;Number of individuals in a group.;;Population;Number of units in a given group;individuals;The base unit is the individual (rather than the household). This is equivalent to assuming no sharing of resources within couples.;100+;The population is comprised of individuals over age 99.;population;"WID.world (see individual countries for more details)[URL][URL_LINK]https://esa.un.org/unpd/wpp/[/URL_LINK][URL_TEXT]UN World Population Prospects (2015).[/URL_TEXT][/URL];";WID.world aggregations of individual country data;;
QH-MER;npopuli151;151;i;the Caribbean (at market exchange rate);Population;Number of individuals in a group.;;Population;Number of units in a given group;individuals;The base unit is the individual (rather than the household). This is equivalent to assuming no sharing of resources within couples.;15 to 19;The population is comprised of individuals of in the 15 to 19 age group.;population;"WID.world (see individual countries for more details)[URL][URL_LINK]https://esa.un.org/unpd/wpp/[/URL_LINK][URL_TEXT]UN World Population Prospects (2015).[/URL_TEXT][/URL];";WID.world aggregations of individual country data;;
QH-MER;npopuli201;201;i;the Caribbean (at market exchange rate);Population;Number of individuals in a group.;;Population;Number of units in a given group;individuals;The base unit is the individual (rather than the household). This is equivalent to assuming no sharing of resources within couples.;20 to 24;The population is comprised of individuals of in the 20 to 24 age group.;population;"WID.world (see individual countries for more details)[URL][URL_LINK]https://esa.un.org/unpd/wpp/[/URL_LINK][URL_TEXT]UN World Population Prospects (2015).[/URL_TEXT][/URL];";WID.world aggregations of individual country data;;
QH-MER;npopuli202;202;i;the Caribbean (at market exchange rate);Population;Number of individuals in a group.;;Population;Number of units in a given group;individuals;The base unit is the individual (rather than the household). This is equivalent to assuming no sharing of resources within couples.;20 to 29;The population is comprised of individuals of in the 20 to 29 age group.;population;"WID.world (see individual countries for more details)[URL][URL_LINK]https://esa.un.org/unpd/wpp/[/URL_LINK][URL_TEXT]UN World Population Prospects (2015).[/URL_TEXT][/URL];";WID.world aggregations of individual country data;;
QH-MER;npopuli251;251;i;the Caribbean (at market exchange rate);Population;Number of individuals in a group.;;Population;Number of units in a given group;individuals;The base unit is the individual (rather than the household). This is equivalent to assuming no sharing of resources within couples.;25 to 29;The population is comprised of individuals of in the 25 to 29 age group.;population;"WID.world (see individual countries for more details)[URL][URL_LINK]https://esa.un.org/unpd/wpp/[/URL_LINK][URL_TEXT]UN World Population Prospects (2015).[/URL_TEXT][/URL];";WID.world aggregations of individual country data;;
QH-MER;npopuli301;301;i;the Caribbean (at market exchange rate);Population;Number of individuals in a group.;;Population;Number of units in a given group;individuals;The base unit is the individual (rather than the household). This is equivalent to assuming no sharing of resources within couples.;30 to 34;The population is comprised of individuals of in the 30 to 34 age group.;population;"WID.world (see individual countries for more details)[URL][URL_LINK]https://esa.un.org/unpd/wpp/[/URL_LINK][URL_TEXT]UN World Population Prospects (2015).[/URL_TEXT][/URL];";WID.world aggregations of individual country data;;
QH-MER;npopuli302;302;i;the Caribbean (at market exchange rate);Population;Number of individuals in a group.;;Population;Number of units in a given group;individuals;The base unit is the individual (rather than the household). This is equivalent to assuming no sharing of resources within couples.;30 to 39;The population is comprised of individuals of in the 30 to 39 age group.;population;"WID.world (see individual countries for more details)[URL][URL_LINK]https://esa.un.org/unpd/wpp/[/URL_LINK][URL_TEXT]UN World Population Prospects (2015).[/URL_TEXT][/URL];";WID.world aggregations of individual country data;;
QH-MER;npopuli351;351;i;the Caribbean (at market exchange rate);Population;Number of individuals in a group.;;Population;Number of units in a given group;individuals;The base unit is the individual (rather than the household). This is equivalent to assuming no sharing of resources within couples.;35 to 39;The population is comprised of individuals of in the 35 to 39 age group.;population;"WID.world (see individual countries for more details)[URL][URL_LINK]https://esa.un.org/unpd/wpp/[/URL_LINK][URL_TEXT]UN World Population Prospects (2015).[/URL_TEXT][/URL];";WID.world aggregations of individual country data;;
QH-MER;npopuli401;401;i;the Caribbean (at market exchange rate);Population;Number of individuals in a group.;;Population;Number of units in a given group;individuals;The base unit is the individual (rather than the household). This is equivalent to assuming no sharing of resources within couples.;40 to 44;The population is comprised of individuals of in the 40 to 44 age group.;population;"WID.world (see individual countries for more details)[URL][URL_LINK]https://esa.un.org/unpd/wpp/[/URL_LINK][URL_TEXT]UN World Population Prospects (2015).[/URL_TEXT][/URL];";WID.world aggregations of individual country data;;
QH-MER;npopuli402;402;i;the Caribbean (at market exchange rate);Population;Number of individuals in a group.;;Population;Number of units in a given group;individuals;The base unit is the individual (rather than the household). This is equivalent to assuming no sharing of resources within couples.;40 to 49 ;The population is comprised of individuals of in the 40 to 49  age group.;population;"WID.world (see individual countries for more details)[URL][URL_LINK]https://esa.un.org/unpd/wpp/[/URL_LINK][URL_TEXT]UN World Population Prospects (2015).[/URL_TEXT][/URL];";WID.world aggregations of individual country data;;
QH-MER;npopuli451;451;i;the Caribbean (at market exchange rate);Population;Number of individuals in a group.;;Population;Number of units in a given group;individuals;The base unit is the individual (rather than the household). This is equivalent to assuming no sharing of resources within couples.;45 to 49;The population is comprised of individuals of in the 45 to 49 age group.;population;"WID.world (see individual countries for more details)[URL][URL_LINK]https://esa.un.org/unpd/wpp/[/URL_LINK][URL_TEXT]UN World Population Prospects (2015).[/URL_TEXT][/URL];";WID.world aggregations of individual country data;;
QH-MER;npopuli501;501;i;the Caribbean (at market exchange rate);Population;Number of individuals in a group.;;Population;Number of units in a given group;individuals;The base unit is the individual (rather than the household). This is equivalent to assuming no sharing of resources within couples.;50 to 54;The population is comprised of individuals of in the 50 to 54 age group.;population;"WID.world (see individual countries for more details)[URL][URL_LINK]https://esa.un.org/unpd/wpp/[/URL_LINK][URL_TEXT]UN World Population Prospects (2015).[/URL_TEXT][/URL];";WID.world aggregations of individual country data;;
QH-MER;npopuli502;502;i;the Caribbean (at market exchange rate);Population;Number of individuals in a group.;;Population;Number of units in a given group;individuals;The base unit is the individual (rather than the household). This is equivalent to assuming no sharing of resources within couples.;50 to 59;The population is comprised of individuals of in the 50 to 59 age group.;population;"WID.world (see individual countries for more details)[URL][URL_LINK]https://esa.un.org/unpd/wpp/[/URL_LINK][URL_TEXT]UN World Population Prospects (2015).[/URL_TEXT][/URL];";WID.world aggregations of individual country data;;
QH-MER;npopuli551;551;i;the Caribbean (at market exchange rate);Population;Number of individuals in a group.;;Population;Number of units in a given group;individuals;The base unit is the individual (rather than the household). This is equivalent to assuming no sharing of resources within couples.;55 to 59;The population is comprised of individuals of in the 55 to 59 age group.;population;"WID.world (see individual countries for more details)[URL][URL_LINK]https://esa.un.org/unpd/wpp/[/URL_LINK][URL_TEXT]UN World Population Prospects (2015).[/URL_TEXT][/URL];";WID.world aggregations of individual country data;;
QH-MER;npopuli601;601;i;the Caribbean (at market exchange rate);Population;Number of individuals in a group.;;Population;Number of units in a given group;individuals;The base unit is the individual (rather than the household). This is equivalent to assuming no sharing of resources within couples.;60 to 64;The population is comprised of individuals of in the 60 to 64 age group.;population;"WID.world (see individual countries for more details)[URL][URL_LINK]https://esa.un.org/unpd/wpp/[/URL_LINK][URL_TEXT]UN World Population Prospects (2015).[/URL_TEXT][/URL];";WID.world aggregations of individual country data;;
QH-MER;npopuli602;602;i;the Caribbean (at market exchange rate);Population;Number of individuals in a group.;;Population;Number of units in a given group;individuals;The base unit is the individual (rather than the household). This is equivalent to assuming no sharing of resources within couples.;60 to 69;The population is comprised of individuals of in the 60 to 69 age group.;population;"WID.world (see individual countries for more details)[URL][URL_LINK]https://esa.un.org/unpd/wpp/[/URL_LINK][URL_TEXT]UN World Population Prospects (2015).[/URL_TEXT][/URL];";WID.world aggregations of individual country data;;
QH-MER;npopuli651;651;i;the Caribbean (at market exchange rate);Population;Number of individuals in a group.;;Population;Number of units in a given group;individuals;The base unit is the individual (rather than the household). This is equivalent to assuming no sharing of resources within couples.;65 to 69;The population is comprised of individuals of in the 65 to 69 age group.;population;"WID.world (see individual countries for more details)[URL][URL_LINK]https://esa.un.org/unpd/wpp/[/URL_LINK][URL_TEXT]UN World Population Prospects (2015).[/URL_TEXT][/URL];";WID.world aggregations of individual country data;;
QH-MER;npopuli701;701;i;the Caribbean (at market exchange rate);Population;Number of individuals in a group.;;Population;Number of units in a given group;individuals;The base unit is the individual (rather than the household). This is equivalent to assuming no sharing of resources within couples.;70 to 74;The population is comprised of individuals of in the 70 to 74 age group.;population;"WID.world (see individual countries for more details)[URL][URL_LINK]https://esa.un.org/unpd/wpp/[/URL_LINK][URL_TEXT]UN World Population Prospects (2015).[/URL_TEXT][/URL];";WID.world aggregations of individual country data;;
QH-MER;npopuli702;702;i;the Caribbean (at market exchange rate);Population;Number of individuals in a group.;;Population;Number of units in a given group;individuals;The base unit is the individual (rather than the household). This is equivalent to assuming no sharing of resources within couples.;70 to 79;The population is comprised of individuals of in the 70 to 79 age group.;population;"WID.world (see individual countries for more details)[URL][URL_LINK]https://esa.un.org/unpd/wpp/[/URL_LINK][URL_TEXT]UN World Population Prospects (2015).[/URL_TEXT][/URL];";WID.world aggregations of individual country data;;
QH-MER;npopuli751;751;i;the Caribbean (at market exchange rate);Population;Number of individuals in a group.;;Population;Number of units in a given group;individuals;The base unit is the individual (rather than the household). This is equivalent to assuming no sharing of resources within couples.;75 to 79;The population is comprised of individuals of in the 75 to 79 age group.;population;"WID.world (see individual countries for more details)[URL][URL_LINK]https://esa.un.org/unpd/wpp/[/URL_LINK][URL_TEXT]UN World Population Prospects (2015).[/URL_TEXT][/URL];";WID.world aggregations of individual country data;;
QH-MER;npopuli801;801;i;the Caribbean (at market exchange rate);Population;Number of individuals in a group.;;Population;Number of units in a given group;individuals;The base unit is the individual (rather than the household). This is equivalent to assuming no sharing of resources within couples.;80 to 84;The population is comprised of individuals of in the 80 to 84 age group.;population;"WID.world (see individual countries for more details)[URL][URL_LINK]https://esa.un.org/unpd/wpp/[/URL_LINK][URL_TEXT]UN World Population Prospects (2015).[/URL_TEXT][/URL];";WID.world aggregations of individual country data;;
QH-MER;npopuli802;802;i;the Caribbean (at market exchange rate);Population;Number of individuals in a group.;;Population;Number of units in a given group;individuals;The base unit is the individual (rather than the household). This is equivalent to assuming no sharing of resources within couples.;80 to 89;The population is comprised of individuals of in the 80 to 89 age group.;population;"WID.world (see individual countries for more details)[URL][URL_LINK]https://esa.un.org/unpd/wpp/[/URL_LINK][URL_TEXT]UN World Population Prospects (2015).[/URL_TEXT][/URL];";WID.world aggregations of individual country data;;
QH-MER;npopuli851;851;i;the Caribbean (at market exchange rate);Population;Number of individuals in a group.;;Population;Number of units in a given group;individuals;The base unit is the individual (rather than the household). This is equivalent to assuming no sharing of resources within couples.;85 to 89;The population is comprised of individuals of in the 85 to 89 age group.;population;"WID.world (see individual countries for more details)[URL][URL_LINK]https://esa.un.org/unpd/wpp/[/URL_LINK][URL_TEXT]UN World Population Prospects (2015).[/URL_TEXT][/URL];";WID.world aggregations of individual country data;;
QH-MER;npopuli901;901;i;the Caribbean (at market exchange rate);Population;Number of individuals in a group.;;Population;Number of units in a given group;individuals;The base unit is the individual (rather than the household). This is equivalent to assuming no sharing of resources within couples.;90 to 94;The population is comprised of individuals of in the 90 to 94 age group.;population;"WID.world (see individual countries for more details)[URL][URL_LINK]https://esa.un.org/unpd/wpp/[/URL_LINK][URL_TEXT]UN World Population Prospects (2015).[/URL_TEXT][/URL];";WID.world aggregations of individual country data;;
QH-MER;npopuli902;902;i;the Caribbean (at market exchange rate);Population;Number of individuals in a group.;;Population;Number of units in a given group;individuals;The base unit is the individual (rather than the household). This is equivalent to assuming no sharing of resources within couples.;90 to 99;The population is comprised of individuals of in the 90 to 99 age group.;population;"WID.world (see individual countries for more details)[URL][URL_LINK]https://esa.un.org/unpd/wpp/[/URL_LINK][URL_TEXT]UN World Population Prospects (2015).[/URL_TEXT][/URL];";WID.world aggregations of individual country data;;
QH-MER;npopuli951;951;i;the Caribbean (at market exchange rate);Population;Number of individuals in a group.;;Population;Number of units in a given group;individuals;The base unit is the individual (rather than the household). This is equivalent to assuming no sharing of resources within couples.;95 to 99;The population is comprised of individuals of in the 95 to 99 age group.;population;"WID.world (see individual countries for more details)[URL][URL_LINK]https://esa.un.org/unpd/wpp/[/URL_LINK][URL_TEXT]UN World Population Prospects (2015).[/URL_TEXT][/URL];";WID.world aggregations of individual country data;;
QH-MER;npopuli991;991;i;the Caribbean (at market exchange rate);Population;Number of individuals in a group.;;Population;Number of units in a given group;individuals;The base unit is the individual (rather than the household). This is equivalent to assuming no sharing of resources within couples.;Children;The population is comprised of individuals below age 20.;population;"WID.world (see individual countries for more details)[URL][URL_LINK]https://esa.un.org/unpd/wpp/[/URL_LINK][URL_TEXT]UN World Population Prospects (2015).[/URL_TEXT][/URL];";WID.world aggregations of individual country data;;
QH-MER;npopuli992;992;i;the Caribbean (at market exchange rate);Population;Number of individuals in a group.;;Population;Number of units in a given group;individuals;The base unit is the individual (rather than the household). This is equivalent to assuming no sharing of resources within couples.;Adults;The population is comprised of individuals over age 20.;population;"WID.world (see individual countries for more details)[URL][URL_LINK]https://esa.un.org/unpd/wpp/[/URL_LINK][URL_TEXT]UN World Population Prospects (2015).[/URL_TEXT][/URL];";WID.world aggregations of individual country data;;
QH-MER;npopuli993;993;i;the Caribbean (at market exchange rate);Population;Number of individuals in a group.;;Population;Number of units in a given group;individuals;The base unit is the individual (rather than the household). This is equivalent to assuming no sharing of resources within couples.;20 to 39;The population is comprised of individuals between ages 20 and 39.;population;"WID.world (see individual countries for more details)[URL][URL_LINK]https://esa.un.org/unpd/wpp/[/URL_LINK][URL_TEXT]UN World Population Prospects (2015).[/URL_TEXT][/URL];";WID.world aggregations of individual country data;;
QH-MER;npopuli994;994;i;the Caribbean (at market exchange rate);Population;Number of individuals in a group.;;Population;Number of units in a given group;individuals;The base unit is the individual (rather than the household). This is equivalent to assuming no sharing of resources within couples.;40 to 59;The population is comprised of individuals between ages 40 and 59.;population;"WID.world (see individual countries for more details)[URL][URL_LINK]https://esa.un.org/unpd/wpp/[/URL_LINK][URL_TEXT]UN World Population Prospects (2015).[/URL_TEXT][/URL];";WID.world aggregations of individual country data;;
QH-MER;npopuli995;995;i;the Caribbean (at market exchange rate);Population;Number of individuals in a group.;;Population;Number of units in a given group;individuals;The base unit is the individual (rather than the household). This is equivalent to assuming no sharing of resources within couples.;Over 60;The population is comprised of individuals over age 60.;population;"WID.world (see individual countries for more details)[URL][URL_LINK]https://esa.un.org/unpd/wpp/[/URL_LINK][URL_TEXT]UN World Population Prospects (2015).[/URL_TEXT][/URL];";WID.world aggregations of individual country data;;
QH-MER;npopuli997;997;i;the Caribbean (at market exchange rate);Population;Number of individuals in a group.;;Population;Number of units in a given group;individuals;The base unit is the individual (rather than the household). This is equivalent to assuming no sharing of resources within couples.;Over 65;The population is comprised of individuals over age 65.;population;"WID.world (see individual countries for more details)[URL][URL_LINK]https://esa.un.org/unpd/wpp/[/URL_LINK][URL_TEXT]UN World Population Prospects (2015).[/URL_TEXT][/URL];";WID.world aggregations of individual country data;;
QH-MER;npopuli998;998;i;the Caribbean (at market exchange rate);Population;Number of individuals in a group.;;Population;Number of units in a given group;individuals;The base unit is the individual (rather than the household). This is equivalent to assuming no sharing of resources within couples.;Over 80;The population is comprised of individuals over age 80.;population;"WID.world (see individual countries for more details)[URL][URL_LINK]https://esa.un.org/unpd/wpp/[/URL_LINK][URL_TEXT]UN World Population Prospects (2015).[/URL_TEXT][/URL];";WID.world aggregations of individual country data;;
QH-MER;npopuli999;999;i;the Caribbean (at market exchange rate);Population;Number of individuals in a group.;;Population;Number of units in a given group;individuals;The base unit is the individual (rather than the household). This is equivalent to assuming no sharing of resources within couples.;All Ages;The population is comprised of individuals of all ages.;population;"WID.world (see individual countries for more details)[URL][URL_LINK]https://esa.un.org/unpd/wpp/[/URL_LINK][URL_TEXT]UN World Population Prospects (2015).[/URL_TEXT][/URL];";WID.world aggregations of individual country data;;
QH-MER;npopulm001;001;m;the Caribbean (at market exchange rate);Population;Number of individuals in a group.;;Population;Number of units in a given group;male;The population looked at is comprised of male individuals only.;0 to 4;The population is comprised of individuals of in the 0 to 4 age group.;population;"WID.world (see individual countries for more details)[URL][URL_LINK]https://esa.un.org/unpd/wpp/[/URL_LINK][URL_TEXT]UN World Population Prospects (2015).[/URL_TEXT][/URL];";WID.world aggregations of individual country data;;
QH-MER;npopulm051;051;m;the Caribbean (at market exchange rate);Population;Number of individuals in a group.;;Population;Number of units in a given group;male;The population looked at is comprised of male individuals only.;5 to 9;The population is comprised of individuals of in the 5 to 9 age group.;population;"WID.world (see individual countries for more details)[URL][URL_LINK]https://esa.un.org/unpd/wpp/[/URL_LINK][URL_TEXT]UN World Population Prospects (2015).[/URL_TEXT][/URL];";WID.world aggregations of individual country data;;
QH-MER;npopulm101;101;m;the Caribbean (at market exchange rate);Population;Number of individuals in a group.;;Population;Number of units in a given group;male;The population looked at is comprised of male individuals only.;10 to 14;The population is comprised of individuals of in the 10 to 14 age group.;population;"WID.world (see individual countries for more details)[URL][URL_LINK]https://esa.un.org/unpd/wpp/[/URL_LINK][URL_TEXT]UN World Population Prospects (2015).[/URL_TEXT][/URL];";WID.world aggregations of individual country data;;
QH-MER;npopulm111;111;m;the Caribbean (at market exchange rate);Population;Number of individuals in a group.;;Population;Number of units in a given group;male;The population looked at is comprised of male individuals only.;100+;The population is comprised of individuals over age 99.;population;"WID.world (see individual countries for more details)[URL][URL_LINK]https://esa.un.org/unpd/wpp/[/URL_LINK][URL_TEXT]UN World Population Prospects (2015).[/URL_TEXT][/URL];";WID.world aggregations of individual country data;;
QH-MER;npopulm151;151;m;the Caribbean (at market exchange rate);Population;Number of individuals in a group.;;Population;Number of units in a given group;male;The population looked at is comprised of male individuals only.;15 to 19;The population is comprised of individuals of in the 15 to 19 age group.;population;"WID.world (see individual countries for more details)[URL][URL_LINK]https://esa.un.org/unpd/wpp/[/URL_LINK][URL_TEXT]UN World Population Prospects (2015).[/URL_TEXT][/URL];";WID.world aggregations of individual country data;;
QH-MER;npopulm201;201;m;the Caribbean (at market exchange rate);Population;Number of individuals in a group.;;Population;Number of units in a given group;male;The population looked at is comprised of male individuals only.;20 to 24;The population is comprised of individuals of in the 20 to 24 age group.;population;"WID.world (see individual countries for more details)[URL][URL_LINK]https://esa.un.org/unpd/wpp/[/URL_LINK][URL_TEXT]UN World Population Prospects (2015).[/URL_TEXT][/URL];";WID.world aggregations of individual country data;;
QH-MER;npopulm202;202;m;the Caribbean (at market exchange rate);Population;Number of individuals in a group.;;Population;Number of units in a given group;male;The population looked at is comprised of male individuals only.;20 to 29;The population is comprised of individuals of in the 20 to 29 age group.;population;"WID.world (see individual countries for more details)[URL][URL_LINK]https://esa.un.org/unpd/wpp/[/URL_LINK][URL_TEXT]UN World Population Prospects (2015).[/URL_TEXT][/URL];";WID.world aggregations of individual country data;;
QH-MER;npopulm251;251;m;the Caribbean (at market exchange rate);Population;Number of individuals in a group.;;Population;Number of units in a given group;male;The population looked at is comprised of male individuals only.;25 to 29;The population is comprised of individuals of in the 25 to 29 age group.;population;"WID.world (see individual countries for more details)[URL][URL_LINK]https://esa.un.org/unpd/wpp/[/URL_LINK][URL_TEXT]UN World Population Prospects (2015).[/URL_TEXT][/URL];";WID.world aggregations of individual country data;;
QH-MER;npopulm301;301;m;the Caribbean (at market exchange rate);Population;Number of individuals in a group.;;Population;Number of units in a given group;male;The population looked at is comprised of male individuals only.;30 to 34;The population is comprised of individuals of in the 30 to 34 age group.;population;"WID.world (see individual countries for more details)[URL][URL_LINK]https://esa.un.org/unpd/wpp/[/URL_LINK][URL_TEXT]UN World Population Prospects (2015).[/URL_TEXT][/URL];";WID.world aggregations of individual country data;;
QH-MER;npopulm302;302;m;the Caribbean (at market exchange rate);Population;Number of individuals in a group.;;Population;Number of units in a given group;male;The population looked at is comprised of male individuals only.;30 to 39;The population is comprised of individuals of in the 30 to 39 age group.;population;"WID.world (see individual countries for more details)[URL][URL_LINK]https://esa.un.org/unpd/wpp/[/URL_LINK][URL_TEXT]UN World Population Prospects (2015).[/URL_TEXT][/URL];";WID.world aggregations of individual country data;;
QH-MER;npopulm351;351;m;the Caribbean (at market exchange rate);Population;Number of individuals in a group.;;Population;Number of units in a given group;male;The population looked at is comprised of male individuals only.;35 to 39;The population is comprised of individuals of in the 35 to 39 age group.;population;"WID.world (see individual countries for more details)[URL][URL_LINK]https://esa.un.org/unpd/wpp/[/URL_LINK][URL_TEXT]UN World Population Prospects (2015).[/URL_TEXT][/URL];";WID.world aggregations of individual country data;;
QH-MER;npopulm401;401;m;the Caribbean (at market exchange rate);Population;Number of individuals in a group.;;Population;Number of units in a given group;male;The population looked at is comprised of male individuals only.;40 to 44;The population is comprised of individuals of in the 40 to 44 age group.;population;"WID.world (see individual countries for more details)[URL][URL_LINK]https://esa.un.org/unpd/wpp/[/URL_LINK][URL_TEXT]UN World Population Prospects (2015).[/URL_TEXT][/URL];";WID.world aggregations of individual country data;;
QH-MER;npopulm402;402;m;the Caribbean (at market exchange rate);Population;Number of individuals in a group.;;Population;Number of units in a given group;male;The population looked at is comprised of male individuals only.;40 to 49 ;The population is comprised of individuals of in the 40 to 49  age group.;population;"WID.world (see individual countries for more details)[URL][URL_LINK]https://esa.un.org/unpd/wpp/[/URL_LINK][URL_TEXT]UN World Population Prospects (2015).[/URL_TEXT][/URL];";WID.world aggregations of individual country data;;
QH-MER;npopulm451;451;m;the Caribbean (at market exchange rate);Population;Number of individuals in a group.;;Population;Number of units in a given group;male;The population looked at is comprised of male individuals only.;45 to 49;The population is comprised of individuals of in the 45 to 49 age group.;population;"WID.world (see individual countries for more details)[URL][URL_LINK]https://esa.un.org/unpd/wpp/[/URL_LINK][URL_TEXT]UN World Population Prospects (2015).[/URL_TEXT][/URL];";WID.world aggregations of individual country data;;
QH-MER;npopulm501;501;m;the Caribbean (at market exchange rate);Population;Number of individuals in a group.;;Population;Number of units in a given group;male;The population looked at is comprised of male individuals only.;50 to 54;The population is comprised of individuals of in the 50 to 54 age group.;population;"WID.world (see individual countries for more details)[URL][URL_LINK]https://esa.un.org/unpd/wpp/[/URL_LINK][URL_TEXT]UN World Population Prospects (2015).[/URL_TEXT][/URL];";WID.world aggregations of individual country data;;
QH-MER;npopulm502;502;m;the Caribbean (at market exchange rate);Population;Number of individuals in a group.;;Population;Number of units in a given group;male;The population looked at is comprised of male individuals only.;50 to 59;The population is comprised of individuals of in the 50 to 59 age group.;population;"WID.world (see individual countries for more details)[URL][URL_LINK]https://esa.un.org/unpd/wpp/[/URL_LINK][URL_TEXT]UN World Population Prospects (2015).[/URL_TEXT][/URL];";WID.world aggregations of individual country data;;
QH-MER;npopulm551;551;m;the Caribbean (at market exchange rate);Population;Number of individuals in a group.;;Population;Number of units in a given group;male;The population looked at is comprised of male individuals only.;55 to 59;The population is comprised of individuals of in the 55 to 59 age group.;population;"WID.world (see individual countries for more details)[URL][URL_LINK]https://esa.un.org/unpd/wpp/[/URL_LINK][URL_TEXT]UN World Population Prospects (2015).[/URL_TEXT][/URL];";WID.world aggregations of individual country data;;
QH-MER;npopulm601;601;m;the Caribbean (at market exchange rate);Population;Number of individuals in a group.;;Population;Number of units in a given group;male;The population looked at is comprised of male individuals only.;60 to 64;The population is comprised of individuals of in the 60 to 64 age group.;population;"WID.world (see individual countries for more details)[URL][URL_LINK]https://esa.un.org/unpd/wpp/[/URL_LINK][URL_TEXT]UN World Population Prospects (2015).[/URL_TEXT][/URL];";WID.world aggregations of individual country data;;
QH-MER;npopulm602;602;m;the Caribbean (at market exchange rate);Population;Number of individuals in a group.;;Population;Number of units in a given group;male;The population looked at is comprised of male individuals only.;60 to 69;The population is comprised of individuals of in the 60 to 69 age group.;population;"WID.world (see individual countries for more details)[URL][URL_LINK]https://esa.un.org/unpd/wpp/[/URL_LINK][URL_TEXT]UN World Population Prospects (2015).[/URL_TEXT][/URL];";WID.world aggregations of individual country data;;
QH-MER;npopulm651;651;m;the Caribbean (at market exchange rate);Population;Number of individuals in a group.;;Population;Number of units in a given group;male;The population looked at is comprised of male individuals only.;65 to 69;The population is comprised of individuals of in the 65 to 69 age group.;population;"WID.world (see individual countries for more details)[URL][URL_LINK]https://esa.un.org/unpd/wpp/[/URL_LINK][URL_TEXT]UN World Population Prospects (2015).[/URL_TEXT][/URL];";WID.world aggregations of individual country data;;
QH-MER;npopulm701;701;m;the Caribbean (at market exchange rate);Population;Number of individuals in a group.;;Population;Number of units in a given group;male;The population looked at is comprised of male individuals only.;70 to 74;The population is comprised of individuals of in the 70 to 74 age group.;population;"WID.world (see individual countries for more details)[URL][URL_LINK]https://esa.un.org/unpd/wpp/[/URL_LINK][URL_TEXT]UN World Population Prospects (2015).[/URL_TEXT][/URL];";WID.world aggregations of individual country data;;
QH-MER;npopulm702;702;m;the Caribbean (at market exchange rate);Population;Number of individuals in a group.;;Population;Number of units in a given group;male;The population looked at is comprised of male individuals only.;70 to 79;The population is comprised of individuals of in the 70 to 79 age group.;population;"WID.world (see individual countries for more details)[URL][URL_LINK]https://esa.un.org/unpd/wpp/[/URL_LINK][URL_TEXT]UN World Population Prospects (2015).[/URL_TEXT][/URL];";WID.world aggregations of individual country data;;
QH-MER;npopulm751;751;m;the Caribbean (at market exchange rate);Population;Number of individuals in a group.;;Population;Number of units in a given group;male;The population looked at is comprised of male individuals only.;75 to 79;The population is comprised of individuals of in the 75 to 79 age group.;population;"WID.world (see individual countries for more details)[URL][URL_LINK]https://esa.un.org/unpd/wpp/[/URL_LINK][URL_TEXT]UN World Population Prospects (2015).[/URL_TEXT][/URL];";WID.world aggregations of individual country data;;
QH-MER;npopulm801;801;m;the Caribbean (at market exchange rate);Population;Number of individuals in a group.;;Population;Number of units in a given group;male;The population looked at is comprised of male individuals only.;80 to 84;The population is comprised of individuals of in the 80 to 84 age group.;population;"WID.world (see individual countries for more details)[URL][URL_LINK]https://esa.un.org/unpd/wpp/[/URL_LINK][URL_TEXT]UN World Population Prospects (2015).[/URL_TEXT][/URL];";WID.world aggregations of individual country data;;
QH-MER;npopulm802;802;m;the Caribbean (at market exchange rate);Population;Number of individuals in a group.;;Population;Number of units in a given group;male;The population looked at is comprised of male individuals only.;80 to 89;The population is comprised of individuals of in the 80 to 89 age group.;population;"WID.world (see individual countries for more details)[URL][URL_LINK]https://esa.un.org/unpd/wpp/[/URL_LINK][URL_TEXT]UN World Population Prospects (2015).[/URL_TEXT][/URL];";WID.world aggregations of individual country data;;
QH-MER;npopulm851;851;m;the Caribbean (at market exchange rate);Population;Number of individuals in a group.;;Population;Number of units in a given group;male;The population looked at is comprised of male individuals only.;85 to 89;The population is comprised of individuals of in the 85 to 89 age group.;population;"WID.world (see individual countries for more details)[URL][URL_LINK]https://esa.un.org/unpd/wpp/[/URL_LINK][URL_TEXT]UN World Population Prospects (2015).[/URL_TEXT][/URL];";WID.world aggregations of individual country data;;
QH-MER;npopulm901;901;m;the Caribbean (at market exchange rate);Population;Number of individuals in a group.;;Population;Number of units in a given group;male;The population looked at is comprised of male individuals only.;90 to 94;The population is comprised of individuals of in the 90 to 94 age group.;population;"WID.world (see individual countries for more details)[URL][URL_LINK]https://esa.un.org/unpd/wpp/[/URL_LINK][URL_TEXT]UN World Population Prospects (2015).[/URL_TEXT][/URL];";WID.world aggregations of individual country data;;
QH-MER;npopulm902;902;m;the Caribbean (at market exchange rate);Population;Number of individuals in a group.;;Population;Number of units in a given group;male;The population looked at is comprised of male individuals only.;90 to 99;The population is comprised of individuals of in the 90 to 99 age group.;population;"WID.world (see individual countries for more details)[URL][URL_LINK]https://esa.un.org/unpd/wpp/[/URL_LINK][URL_TEXT]UN World Population Prospects (2015).[/URL_TEXT][/URL];";WID.world aggregations of individual country data;;
QH-MER;npopulm951;951;m;the Caribbean (at market exchange rate);Population;Number of individuals in a group.;;Population;Number of units in a given group;male;The population looked at is comprised of male individuals only.;95 to 99;The population is comprised of individuals of in the 95 to 99 age group.;population;"WID.world (see individual countries for more details)[URL][URL_LINK]https://esa.un.org/unpd/wpp/[/URL_LINK][URL_TEXT]UN World Population Prospects (2015).[/URL_TEXT][/URL];";WID.world aggregations of individual country data;;
QH-MER;npopulm991;991;m;the Caribbean (at market exchange rate);Population;Number of individuals in a group.;;Population;Number of units in a given group;male;The population looked at is comprised of male individuals only.;Children;The population is comprised of individuals below age 20.;population;"WID.world (see individual countries for more details)[URL][URL_LINK]https://esa.un.org/unpd/wpp/[/URL_LINK][URL_TEXT]UN World Population Prospects (2015).[/URL_TEXT][/URL];";WID.world aggregations of individual country data;;
QH-MER;npopulm992;992;m;the Caribbean (at market exchange rate);Population;Number of individuals in a group.;;Population;Number of units in a given group;male;The population looked at is comprised of male individuals only.;Adults;The population is comprised of individuals over age 20.;population;"WID.world (see individual countries for more details)[URL][URL_LINK]https://esa.un.org/unpd/wpp/[/URL_LINK][URL_TEXT]UN World Population Prospects (2015).[/URL_TEXT][/URL];";WID.world aggregations of individual country data;;
QH-MER;npopulm993;993;m;the Caribbean (at market exchange rate);Population;Number of individuals in a group.;;Population;Number of units in a given group;male;The population looked at is comprised of male individuals only.;20 to 39;The population is comprised of individuals between ages 20 and 39.;population;"WID.world (see individual countries for more details)[URL][URL_LINK]https://esa.un.org/unpd/wpp/[/URL_LINK][URL_TEXT]UN World Population Prospects (2015).[/URL_TEXT][/URL];";WID.world aggregations of individual country data;;
QH-MER;npopulm994;994;m;the Caribbean (at market exchange rate);Population;Number of individuals in a group.;;Population;Number of units in a given group;male;The population looked at is comprised of male individuals only.;40 to 59;The population is comprised of individuals between ages 40 and 59.;population;"WID.world (see individual countries for more details)[URL][URL_LINK]https://esa.un.org/unpd/wpp/[/URL_LINK][URL_TEXT]UN World Population Prospects (2015).[/URL_TEXT][/URL];";WID.world aggregations of individual country data;;
QH-MER;npopulm995;995;m;the Caribbean (at market exchange rate);Population;Number of individuals in a group.;;Population;Number of units in a given group;male;The population looked at is comprised of male individuals only.;Over 60;The population is comprised of individuals over age 60.;population;"WID.world (see individual countries for more details)[URL][URL_LINK]https://esa.un.org/unpd/wpp/[/URL_LINK][URL_TEXT]UN World Population Prospects (2015).[/URL_TEXT][/URL];";WID.world aggregations of individual country data;;
QH-MER;npopulm996;996;m;the Caribbean (at market exchange rate);Population;Number of individuals in a group.;;Population;Number of units in a given group;male;The population looked at is comprised of male individuals only.;20 to 64;The population is comprised of individuals between ages 20 and 64.;population;"WID.world (see individual countries for more details)[URL][URL_LINK]https://esa.un.org/unpd/wpp/[/URL_LINK][URL_TEXT]UN World Population Prospects (2015).[/URL_TEXT][/URL];";WID.world aggregations of individual country data;;
QH-MER;npopulm997;997;m;the Caribbean (at market exchange rate);Population;Number of individuals in a group.;;Population;Number of units in a given group;male;The population looked at is comprised of male individuals only.;Over 65;The population is comprised of individuals over age 65.;population;"WID.world (see individual countries for more details)[URL][URL_LINK]https://esa.un.org/unpd/wpp/[/URL_LINK][URL_TEXT]UN World Population Prospects (2015).[/URL_TEXT][/URL];";WID.world aggregations of individual country data;;
QH-MER;npopulm998;998;m;the Caribbean (at market exchange rate);Population;Number of individuals in a group.;;Population;Number of units in a given group;male;The population looked at is comprised of male individuals only.;Over 80;The population is comprised of individuals over age 80.;population;"WID.world (see individual countries for more details)[URL][URL_LINK]https://esa.un.org/unpd/wpp/[/URL_LINK][URL_TEXT]UN World Population Prospects (2015).[/URL_TEXT][/URL];";WID.world aggregations of individual country data;;
QH-MER;npopulm999;999;m;the Caribbean (at market exchange rate);Population;Number of individuals in a group.;;Population;Number of units in a given group;male;The population looked at is comprised of male individuals only.;All Ages;The population is comprised of individuals of all ages.;population;"WID.world (see individual countries for more details)[URL][URL_LINK]https://esa.un.org/unpd/wpp/[/URL_LINK][URL_TEXT]UN World Population Prospects (2015).[/URL_TEXT][/URL];";WID.world aggregations of individual country data;;
QH-MER;wwealgi999;999;i;the Caribbean (at market exchange rate);Net Public Wealth to Net National Income Ratio;Net Public Wealth to Net National Income Ratio is the division of net wealth of the public sector by net national income.;;Wealth-income ratio;Ratio of net wealth (of a given sector) to net national income;individuals;The base unit is the individual (rather than the household). This is equivalent to assuming no sharing of resources within couples.;All Ages;The population is comprised of individuals of all ages.;% of national income;;;;
QH-MER;wwealni999;999;i;the Caribbean (at market exchange rate);Net national wealth to Net National Income Ratio;Wealth-Income Ratio is the division of national wealth by national income.; ;Wealth-income ratio;Ratio of net wealth (of a given sector) to net national income;individuals;The base unit is the individual (rather than the household). This is equivalent to assuming no sharing of resources within couples.;All Ages;The population is comprised of individuals of all ages.;% of national income;;;;
QH-MER;wwealpi999;999;i;the Caribbean (at market exchange rate);Net Private Wealth to Net National Income Ratio;Net Private Wealth to Net National Income Ratio is the division of net private wealth by net national income. Private wealth consists of net wealth of the personal sector (households) and the non-profit sector (philanthropy foundations, religious organizations, universities, etc.).;;Wealth-income ratio;Ratio of net wealth (of a given sector) to net national income;individuals;The base unit is the individual (rather than the household). This is equivalent to assuming no sharing of resources within couples.;All Ages;The population is comprised of individuals of all ages.;% of national income;;;;
QH-MER;xlceuxi999;999;i;the Caribbean (at market exchange rate);Market exchange rate, LCU per EUR;Official exchange rate of the local currency to EUR.;;Exchange rates;Exchange rate series;individuals;The base unit is the individual (rather than the household). This is equivalent to assuming no sharing of resources within couples.;All Ages;The population is comprised of individuals of all ages.;local currency per foreign currency;;;;
QH-MER;xlcusxi999;999;i;the Caribbean (at market exchange rate);Market exchange rate, LCU per USD;Official exchange rate of the local currency to USD.;;Exchange rates;Exchange rate series;individuals;The base unit is the individual (rather than the household). This is equivalent to assuming no sharing of resources within couples.;All Ages;The population is comprised of individuals of all ages.;local currency per foreign currency;;;;
QH-MER;xlcyuxi999;999;i;the Caribbean (at market exchange rate);Market exchange rate, LCU per CNY;Official exchange rate of the local currency to CNY.;;Exchange rates;Exchange rate series;individuals;The base unit is the individual (rather than the household). This is equivalent to assuming no sharing of resources within couples.;All Ages;The population is comprised of individuals of all ages.;local currency per foreign currency;;;;
